"","dc_0","ell_1e","omega_1e","tau_0"
"mean",0.0675013826114159,16.1340619607548,1.68519824619702,NA
"sd",0.209225324811605,2.04775491952552,0.156358900145865,NA
"0.025quant",-0.343278478877041,12.2841818831396,1.38427914321845,NA
"0.5quant",0.0674954906351776,16.0918689376875,1.68424534907736,NA
"0.975quant",0.477938427531346,20.2954947088021,1.99752268282519,NA
"mode",0.0675013826114158,16.0912395508937,1.68957900832763,NA
