"","dc_0","ell_1e","ell_1as","omega_1e","omega_1as","omega_1bs","phi_0","tau_0"
"mean",0.00844056234178193,589.143802112288,6.46090262214161,0.0229135253683755,0.00291613296955881,0.0154429949268442,0.488077406122952,0.0364045120709034
"sd",0.017247882605905,838.337057744929,7.60711931155622,0.0212667907766872,0.00316334580693858,NA,NA,NA
"0.025quant",-0.0254228470433033,57.0497664978395,0.741247891853141,0.00423158645824772,0.000286942641179038,0.0170835705037396,0.489637785093497,0.0379032845644934
"0.5quant",0.00844007662565476,341.612170307551,4.18353264009034,0.0166944401480064,0.00197667174144282,0.015561350418121,0.48811040868407,0.0363935230939121
"0.975quant",0.0422757109991822,2673.49055249747,26.1447029652651,0.0795500361780616,0.0112654185382086,0.0137500127912721,0.486374255374045,0.0351019236788788
"mode",0.00844056234178192,142.620246909733,1.89959620555575,0.0097702679188886,0.000785657194287949,0.0158824193225969,0.488227460473245,0.0363369644654249
